STUDYID,DOMAIN,USUBJID,SUSEQ,SUTRT,SUDECOD,SUCAT,SUSCAT,SUOCCUR,SUSTAT,SUDOSE,SUDOSU,SUDOSFRQ,EPOCH,SUSTDTC,SUENDTC,SUSTDY,SUENDY
VISION-NSCLC,SU,VISION-NSCLC-SITE001-0001,1,ALCOHOL,ALCOHOL,ALCOHOL,,Y,,,,,SCREENING,1993-03-15,2023-03-08,-11335,-385
VISION-NSCLC,SU,VISION-NSCLC-SITE001-0001,2,COFFEE,COFFEE,CAFFEINE,,Y,,5.0,CUPS/DAY,QD,SCREENING,1999-03-14,,-9145,
VISION-NSCLC,SU,VISION-NSCLC-SITE001-0001,3,CIGARETTES,CIGARETTES,TOBACCO,CIGARETTES,N,,,,,SCREENING,,,,
VISION-NSCLC,SU,VISION-NSCLC-SITE001-0007,1,ALCOHOL,ALCOHOL,ALCOHOL,,Y,,3.0,DRINKS/WEEK,QW,SCREENING,2017-01-16,,-2584,
VISION-NSCLC,SU,VISION-NSCLC-SITE001-0007,2,COFFEE,COFFEE,CAFFEINE,,Y,,4.0,CUPS/DAY,QD,SCREENING,2008-01-19,,-5869,
VISION-NSCLC,SU,VISION-NSCLC-SITE001-0007,3,CIGARETTES,CIGARETTES,TOBACCO,CIGARETTES,Y,,,,,SCREENING,2017-01-16,2023-01-15,-2584,-394
VISION-NSCLC,SU,VISION-NSCLC-SITE001-0010,1,ALCOHOL,ALCOHOL,ALCOHOL,,Y,,,,,SCREENING,2001-02-02,2012-01-31,-8403,-4388
VISION-NSCLC,SU,VISION-NSCLC-SITE001-0010,2,COFFEE,COFFEE,CAFFEINE,,Y,,4.0,CUPS/DAY,QD,SCREENING,2014-01-30,,-3658,
VISION-NSCLC,SU,VISION-NSCLC-SITE001-0010,3,CIGARETTES,CIGARETTES,TOBACCO,CIGARETTES,Y,,18.0,CIGARETTES/DAY,QD,SCREENING,1995-02-04,,-10593,
VISION-NSCLC,SU,VISION-NSCLC-SITE001-0016,1,ALCOHOL,ALCOHOL,ALCOHOL,,Y,,,,,SCREENING,1994-04-08,2013-04-03,-10961,-4026
VISION-NSCLC,SU,VISION-NSCLC-SITE001-0016,2,COFFEE,COFFEE,CAFFEINE,,N,,,,,SCREENING,,,,
VISION-NSCLC,SU,VISION-NSCLC-SITE001-0016,3,CIGARETTES,CIGARETTES,TOBACCO,CIGARETTES,Y,,24.0,CIGARETTES/DAY,QD,SCREENING,2007-04-05,,-6216,
VISION-NSCLC,SU,VISION-NSCLC-SITE001-0019,1,ALCOHOL,ALCOHOL,ALCOHOL,,N,,,,,SCREENING,,,,
VISION-NSCLC,SU,VISION-NSCLC-SITE001-0019,2,COFFEE,COFFEE,CAFFEINE,,Y,,5.0,CUPS/DAY,QD,SCREENING,2015-02-23,,-3319,
VISION-NSCLC,SU,VISION-NSCLC-SITE001-0019,3,CIGARETTES,CIGARETTES,TOBACCO,CIGARETTES,N,,,,,SCREENING,,,,
VISION-NSCLC,SU,VISION-NSCLC-SITE001-0022,1,ALCOHOL,ALCOHOL,ALCOHOL,,Y,,9.0,DRINKS/WEEK,QW,SCREENING,2014-01-27,,-3684,
VISION-NSCLC,SU,VISION-NSCLC-SITE001-0022,2,COFFEE,COFFEE,CAFFEINE,,Y,,4.0,CUPS/DAY,QD,SCREENING,2021-01-25,,-1129,
VISION-NSCLC,SU,VISION-NSCLC-SITE001-0022,3,CIGARETTES,CIGARETTES,TOBACCO,CIGARETTES,N,,,,,SCREENING,,,,
VISION-NSCLC,SU,VISION-NSCLC-SITE001-0025,1,ALCOHOL,ALCOHOL,ALCOHOL,,Y,,3.0,DRINKS/WEEK,QW,SCREENING,2018-03-06,,-2200,
VISION-NSCLC,SU,VISION-NSCLC-SITE001-0025,2,COFFEE,COFFEE,CAFFEINE,,Y,,3.0,CUPS/DAY,QD,SCREENING,2014-03-07,,-3660,
VISION-NSCLC,SU,VISION-NSCLC-SITE001-0025,3,CIGARETTES,CIGARETTES,TOBACCO,CIGARETTES,Y,,,,,SCREENING,1999-03-11,2007-03-09,-9135,-6215
VISION-NSCLC,SU,VISION-NSCLC-SITE001-0028,1,ALCOHOL,ALCOHOL,ALCOHOL,,N,,,,,SCREENING,,,,
VISION-NSCLC,SU,VISION-NSCLC-SITE001-0028,2,COFFEE,COFFEE,CAFFEINE,,N,,,,,SCREENING,,,,
VISION-NSCLC,SU,VISION-NSCLC-SITE001-0028,3,CIGARETTES,CIGARETTES,TOBACCO,CIGARETTES,N,,,,,SCREENING,,,,
VISION-NSCLC,SU,VISION-NSCLC-SITE001-0031,1,ALCOHOL,ALCOHOL,ALCOHOL,,N,,,,,SCREENING,,,,
VISION-NSCLC,SU,VISION-NSCLC-SITE001-0031,2,COFFEE,COFFEE,CAFFEINE,,Y,,5.0,CUPS/DAY,QD,SCREENING,2018-02-03,,-2223,
VISION-NSCLC,SU,VISION-NSCLC-SITE001-0031,3,CIGARETTES,CIGARETTES,TOBACCO,CIGARETTES,N,,,,,SCREENING,,,,
VISION-NSCLC,SU,VISION-NSCLC-SITE001-0034,1,ALCOHOL,ALCOHOL,ALCOHOL,,Y,,2.0,DRINKS/WEEK,QW,SCREENING,1994-02-25,,-10964,
VISION-NSCLC,SU,VISION-NSCLC-SITE001-0034,2,COFFEE,COFFEE,CAFFEINE,,Y,,1.0,CUPS/DAY,QD,SCREENING,2007-02-22,,-6219,
VISION-NSCLC,SU,VISION-NSCLC-SITE001-0034,3,CIGARETTES,CIGARETTES,TOBACCO,CIGARETTES,N,,,,,SCREENING,,,,
VISION-NSCLC,SU,VISION-NSCLC-SITE001-0037,1,ALCOHOL,ALCOHOL,ALCOHOL,,Y,,10.0,DRINKS/WEEK,QW,SCREENING,2022-03-12,,-743,
VISION-NSCLC,SU,VISION-NSCLC-SITE001-0037,2,COFFEE,COFFEE,CAFFEINE,,N,,,,,SCREENING,,,,
VISION-NSCLC,SU,VISION-NSCLC-SITE001-0037,3,CIGARETTES,CIGARETTES,TOBACCO,CIGARETTES,N,,,,,SCREENING,,,,
VISION-NSCLC,SU,VISION-NSCLC-SITE001-0040,1,ALCOHOL,ALCOHOL,ALCOHOL,,Y,,5.0,DRINKS/WEEK,QW,SCREENING,1997-03-21,,-9874,
VISION-NSCLC,SU,VISION-NSCLC-SITE001-0040,2,COFFEE,COFFEE,CAFFEINE,,N,,,,,SCREENING,,,,
VISION-NSCLC,SU,VISION-NSCLC-SITE001-0040,3,CIGARETTES,CIGARETTES,TOBACCO,CIGARETTES,Y,,,,,SCREENING,1992-03-22,2015-03-17,-11699,-3304
VISION-NSCLC,SU,VISION-NSCLC-SITE001-0043,1,ALCOHOL,ALCOHOL,ALCOHOL,,Y,,6.0,DRINKS/WEEK,QW,SCREENING,2019-03-16,,-1837,
VISION-NSCLC,SU,VISION-NSCLC-SITE001-0043,2,COFFEE,COFFEE,CAFFEINE,,Y,,1.0,CUPS/DAY,QD,SCREENING,2016-03-16,,-2932,
VISION-NSCLC,SU,VISION-NSCLC-SITE001-0043,3,CIGARETTES,CIGARETTES,TOBACCO,CIGARETTES,Y,,,,,SCREENING,2016-03-16,2020-03-15,-2932,-1472
VISION-NSCLC,SU,VISION-NSCLC-SITE001-0046,1,ALCOHOL,ALCOHOL,ALCOHOL,,Y,,10.0,DRINKS/WEEK,QW,SCREENING,2020-03-23,,-1467,
VISION-NSCLC,SU,VISION-NSCLC-SITE001-0046,2,COFFEE,COFFEE,CAFFEINE,,N,,,,,SCREENING,,,,
VISION-NSCLC,SU,VISION-NSCLC-SITE001-0046,3,CIGARETTES,CIGARETTES,TOBACCO,CIGARETTES,Y,,,,,SCREENING,2007-03-27,2022-03-23,-6212,-737
VISION-NSCLC,SU,VISION-NSCLC-SITE001-0049,1,ALCOHOL,ALCOHOL,ALCOHOL,,Y,,,,,SCREENING,,2015-02-16,-5861,-3306
VISION-NSCLC,SU,VISION-NSCLC-SITE001-0049,2,COFFEE,COFFEE,CAFFEINE,,Y,,1.0,CUPS/DAY,QD,SCREENING,2003-02-19,,-7686,
VISION-NSCLC,SU,VISION-NSCLC-SITE001-0049,3,CIGARETTES,CIGARETTES,TOBACCO,CIGARETTES,Y,,,,,SCREENING,1994-02-21,2002-02-19,-10971,-8051
VISION-NSCLC,SU,VISION-NSCLC-SITE001-0052,1,ALCOHOL,ALCOHOL,ALCOHOL,,Y,,4.0,DRINKS/WEEK,QW,SCREENING,2003-02-17,,-7684,
VISION-NSCLC,SU,VISION-NSCLC-SITE001-0052,2,COFFEE,COFFEE,CAFFEINE,,Y,,2.0,CUPS/DAY,QD,SCREENING,2008-02-16,,-5859,
VISION-NSCLC,SU,VISION-NSCLC-SITE001-0052,3,CIGARETTES,CIGARETTES,TOBACCO,CIGARETTES,Y,,,,,SCREENING,1995-02-19,2013-02-14,-10604,-4034
VISION-NSCLC,SU,VISION-NSCLC-SITE001-0055,1,ALCOHOL,ALCOHOL,ALCOHOL,,Y,,3.0,DRINKS/WEEK,QW,SCREENING,2020-01-28,,-1490,
VISION-NSCLC,SU,VISION-NSCLC-SITE001-0055,2,COFFEE,COFFEE,CAFFEINE,,N,,,,,SCREENING,,,,
VISION-NSCLC,SU,VISION-NSCLC-SITE001-0055,3,CIGARETTES,CIGARETTES,TOBACCO,CIGARETTES,N,,,,,SCREENING,,,,
VISION-NSCLC,SU,VISION-NSCLC-SITE001-0058,1,ALCOHOL,ALCOHOL,ALCOHOL,,Y,,12.0,DRINKS/WEEK,QW,SCREENING,2001-03-09,,-8427,
VISION-NSCLC,SU,VISION-NSCLC-SITE001-0058,2,COFFEE,COFFEE,CAFFEINE,,Y,,5.0,CUPS/DAY,QD,SCREENING,1998-03-10,,-9522,
VISION-NSCLC,SU,VISION-NSCLC-SITE001-0058,3,CIGARETTES,CIGARETTES,TOBACCO,CIGARETTES,N,,,,,SCREENING,,,,
VISION-NSCLC,SU,VISION-NSCLC-SITE001-0061,1,ALCOHOL,ALCOHOL,ALCOHOL,,N,,,,,SCREENING,,,,
VISION-NSCLC,SU,VISION-NSCLC-SITE001-0061,2,COFFEE,COFFEE,CAFFEINE,,Y,,2.0,CUPS/DAY,QD,SCREENING,2017-03-13,,-2569,
VISION-NSCLC,SU,VISION-NSCLC-SITE001-0061,3,CIGARETTES,CIGARETTES,TOBACCO,CIGARETTES,N,,,,,SCREENING,,,,
VISION-NSCLC,SU,VISION-NSCLC-SITE001-0064,1,ALCOHOL,ALCOHOL,ALCOHOL,,Y,,4.0,DRINKS/WEEK,QW,SCREENING,2002-03-12,,-8042,
VISION-NSCLC,SU,VISION-NSCLC-SITE001-0064,2,COFFEE,COFFEE,CAFFEINE,,Y,,1.0,CUPS/DAY,QD,SCREENING,2020-03-07,,-1472,
VISION-NSCLC,SU,VISION-NSCLC-SITE001-0064,3,CIGARETTES,CIGARETTES,TOBACCO,CIGARETTES,N,,,,,SCREENING,,,,
VISION-NSCLC,SU,VISION-NSCLC-SITE001-0067,1,ALCOHOL,ALCOHOL,ALCOHOL,,Y,,12.0,DRINKS/WEEK,QW,SCREENING,2017-04-01,,-2580,
VISION-NSCLC,SU,VISION-NSCLC-SITE001-0067,2,COFFEE,COFFEE,CAFFEINE,,N,,,,,SCREENING,,,,
VISION-NSCLC,SU,VISION-NSCLC-SITE001-0067,3,CIGARETTES,CIGARETTES,TOBACCO,CIGARETTES,N,,,,,SCREENING,,,,
VISION-NSCLC,SU,VISION-NSCLC-SITE001-0070,1,ALCOHOL,ALCOHOL,ALCOHOL,,N,,,,,SCREENING,,,,
VISION-NSCLC,SU,VISION-NSCLC-SITE001-0070,2,COFFEE,COFFEE,CAFFEINE,,Y,,1.0,CUPS/DAY,QD,SCREENING,2007-01-23,,-6215,
VISION-NSCLC,SU,VISION-NSCLC-SITE001-0070,3,CIGARETTES,CIGARETTES,TOBACCO,CIGARETTES,Y,,,,,SCREENING,1998-01-25,2012-01-22,-9500,-4390
VISION-NSCLC,SU,VISION-NSCLC-SITE001-0073,1,ALCOHOL,ALCOHOL,ALCOHOL,,Y,,11.0,DRINKS/WEEK,QW,SCREENING,2016-01-17,,-2931,
VISION-NSCLC,SU,VISION-NSCLC-SITE001-0073,2,COFFEE,COFFEE,CAFFEINE,,Y,,1.0,CUPS/DAY,QD,SCREENING,2011-01-18,,-4756,
VISION-NSCLC,SU,VISION-NSCLC-SITE001-0073,3,CIGARETTES,CIGARETTES,TOBACCO,CIGARETTES,Y,,,,,SCREENING,2011-01-18,2023-01-15,-4756,-376
VISION-NSCLC,SU,VISION-NSCLC-SITE001-0076,1,ALCOHOL,ALCOHOL,ALCOHOL,,N,,,,,SCREENING,,,,
VISION-NSCLC,SU,VISION-NSCLC-SITE001-0076,2,COFFEE,COFFEE,CAFFEINE,,Y,,3.0,CUPS/DAY,QD,SCREENING,2008-04-13,,-5863,
VISION-NSCLC,SU,VISION-NSCLC-SITE001-0076,3,CIGARETTES,CIGARETTES,TOBACCO,CIGARETTES,Y,,,,,SCREENING,2008-04-13,2009-04-13,-5863,-5498
VISION-NSCLC,SU,VISION-NSCLC-SITE001-0079,1,ALCOHOL,ALCOHOL,ALCOHOL,,N,,,,,SCREENING,,,,
VISION-NSCLC,SU,VISION-NSCLC-SITE001-0079,2,COFFEE,COFFEE,CAFFEINE,,N,,,,,SCREENING,,,,
VISION-NSCLC,SU,VISION-NSCLC-SITE001-0079,3,CIGARETTES,CIGARETTES,TOBACCO,CIGARETTES,Y,,,,,SCREENING,1999-02-24,2005-02-22,-9155,-6965
VISION-NSCLC,SU,VISION-NSCLC-SITE001-0082,1,ALCOHOL,ALCOHOL,ALCOHOL,,N,,,,,SCREENING,,,,
VISION-NSCLC,SU,VISION-NSCLC-SITE001-0082,2,COFFEE,COFFEE,CAFFEINE,,Y,,4.0,CUPS/DAY,QD,SCREENING,2023-01-22,,-399,
VISION-NSCLC,SU,VISION-NSCLC-SITE001-0082,3,CIGARETTES,CIGARETTES,TOBACCO,CIGARETTES,N,,,,,SCREENING,,,,
VISION-NSCLC,SU,VISION-NSCLC-SITE001-0085,1,ALCOHOL,ALCOHOL,ALCOHOL,,N,,,,,SCREENING,,,,
VISION-NSCLC,SU,VISION-NSCLC-SITE001-0085,2,COFFEE,COFFEE,CAFFEINE,,Y,,2.0,CUPS/DAY,QD,SCREENING,2004-02-07,,-7326,
VISION-NSCLC,SU,VISION-NSCLC-SITE001-0085,3,CIGARETTES,CIGARETTES,TOBACCO,CIGARETTES,N,,,,,SCREENING,,,,
VISION-NSCLC,SU,VISION-NSCLC-SITE001-0088,1,ALCOHOL,ALCOHOL,ALCOHOL,,Y,,9.0,DRINKS/WEEK,QW,SCREENING,1996-02-18,,-10237,
VISION-NSCLC,SU,VISION-NSCLC-SITE001-0088,2,COFFEE,COFFEE,CAFFEINE,,Y,,1.0,CUPS/DAY,QD,SCREENING,1995-02-18,,-10602,
VISION-NSCLC,SU,VISION-NSCLC-SITE001-0088,3,CIGARETTES,CIGARETTES,TOBACCO,CIGARETTES,Y,,,,,SCREENING,2018-02-12,2019-02-12,-2207,-1842
VISION-NSCLC,SU,VISION-NSCLC-SITE001-0091,1,ALCOHOL,ALCOHOL,ALCOHOL,,Y,,12.0,DRINKS/WEEK,QW,SCREENING,2000-03-05,,-8779,
VISION-NSCLC,SU,VISION-NSCLC-SITE001-0091,2,COFFEE,COFFEE,CAFFEINE,,Y,,3.0,CUPS/DAY,QD,SCREENING,2017-03-01,,-2574,
VISION-NSCLC,SU,VISION-NSCLC-SITE001-0091,3,CIGARETTES,CIGARETTES,TOBACCO,CIGARETTES,N,,,,,SCREENING,,,,
VISION-NSCLC,SU,VISION-NSCLC-SITE001-0094,1,ALCOHOL,ALCOHOL,ALCOHOL,,Y,,10.0,DRINKS/WEEK,QW,SCREENING,2017-03-11,,-2584,
VISION-NSCLC,SU,VISION-NSCLC-SITE001-0094,2,COFFEE,COFFEE,CAFFEINE,,Y,,5.0,CUPS/DAY,QD,SCREENING,2003-03-15,,-7694,
VISION-NSCLC,SU,VISION-NSCLC-SITE001-0094,3,CIGARETTES,CIGARETTES,TOBACCO,CIGARETTES,N,,,,,SCREENING,,,,
VISION-NSCLC,SU,VISION-NSCLC-SITE001-0097,1,ALCOHOL,ALCOHOL,ALCOHOL,,N,,,,,SCREENING,,,,
VISION-NSCLC,SU,VISION-NSCLC-SITE001-0097,2,COFFEE,COFFEE,CAFFEINE,,N,,,,,SCREENING,,,,
VISION-NSCLC,SU,VISION-NSCLC-SITE001-0097,3,CIGARETTES,CIGARETTES,TOBACCO,CIGARETTES,N,,,,,SCREENING,,,,
VISION-NSCLC,SU,VISION-NSCLC-SITE001-0100,1,ALCOHOL,ALCOHOL,ALCOHOL,,N,,,,,SCREENING,,,,
VISION-NSCLC,SU,VISION-NSCLC-SITE001-0100,2,COFFEE,COFFEE,CAFFEINE,,N,,,,,SCREENING,,,,
VISION-NSCLC,SU,VISION-NSCLC-SITE001-0100,3,CIGARETTES,CIGARETTES,TOBACCO,CIGARETTES,N,,,,,SCREENING,,,,
VISION-NSCLC,SU,VISION-NSCLC-SITE001-0103,1,ALCOHOL,ALCOHOL,ALCOHOL,,N,,,,,SCREENING,,,,
VISION-NSCLC,SU,VISION-NSCLC-SITE001-0103,2,COFFEE,COFFEE,CAFFEINE,,Y,,1.0,CUPS/DAY,QD,SCREENING,2007-04-12,,-6222,
VISION-NSCLC,SU,VISION-NSCLC-SITE001-0103,3,CIGARETTES,CIGARETTES,TOBACCO,CIGARETTES,Y,,19.0,CIGARETTES/DAY,QD,SCREENING,2021-04-08,,-1112,
VISION-NSCLC,SU,VISION-NSCLC-SITE001-0106,1,ALCOHOL,ALCOHOL,ALCOHOL,,Y,,,,,SCREENING,2014-04-05,2020-04-03,-3667,-1477
VISION-NSCLC,SU,VISION-NSCLC-SITE001-0106,2,COFFEE,COFFEE,CAFFEINE,,N,,,,,SCREENING,,,,
VISION-NSCLC,SU,VISION-NSCLC-SITE001-0106,3,CIGARETTES,CIGARETTES,TOBACCO,CIGARETTES,N,,,,,SCREENING,,,,
VISION-NSCLC,SU,VISION-NSCLC-SITE001-0109,1,ALCOHOL,ALCOHOL,ALCOHOL,,Y,,5.0,DRINKS/WEEK,QW,SCREENING,2000-02-01,,-8785,
VISION-NSCLC,SU,VISION-NSCLC-SITE001-0109,2,COFFEE,COFFEE,CAFFEINE,,N,,,,,SCREENING,,,,
VISION-NSCLC,SU,VISION-NSCLC-SITE001-0109,3,CIGARETTES,CIGARETTES,TOBACCO,CIGARETTES,N,,,,,SCREENING,,,,
VISION-NSCLC,SU,VISION-NSCLC-SITE001-0112,1,ALCOHOL,ALCOHOL,ALCOHOL,,Y,,11.0,DRINKS/WEEK,QW,SCREENING,2001-04-11,,-8423,
VISION-NSCLC,SU,VISION-NSCLC-SITE001-0112,2,COFFEE,COFFEE,CAFFEINE,,Y,,3.0,CUPS/DAY,QD,SCREENING,2000-04-11,,-8788,
VISION-NSCLC,SU,VISION-NSCLC-SITE001-0112,3,CIGARETTES,CIGARETTES,TOBACCO,CIGARETTES,N,,,,,SCREENING,,,,
VISION-NSCLC,SU,VISION-NSCLC-SITE001-0115,1,ALCOHOL,ALCOHOL,ALCOHOL,,Y,,13.0,DRINKS/WEEK,QW,SCREENING,2009-03-18,,-5492,
VISION-NSCLC,SU,VISION-NSCLC-SITE001-0115,2,COFFEE,COFFEE,CAFFEINE,,Y,,,,,SCREENING,2001-03-20,2012-03-17,-8412,-4397
VISION-NSCLC,SU,VISION-NSCLC-SITE001-0115,3,CIGARETTES,CIGARETTES,TOBACCO,CIGARETTES,N,,,,,SCREENING,,,,
VISION-NSCLC,SU,VISION-NSCLC-SITE001-0118,1,ALCOHOL,ALCOHOL,ALCOHOL,,Y,,9.0,DRINKS/WEEK,QW,SCREENING,1994-02-03,,-10961,
VISION-NSCLC,SU,VISION-NSCLC-SITE001-0118,2,COFFEE,COFFEE,CAFFEINE,,Y,,,,,SCREENING,2018-01-28,2021-01-27,-1096.0,-1106
VISION-NSCLC,SU,VISION-NSCLC-SITE001-0118,3,CIGARETTES,CIGARETTES,TOBACCO,CIGARETTES,Y,,,,,SCREENING,2014-01-29,2015-01-29,-3661,-3296
VISION-NSCLC,SU,VISION-NSCLC-SITE001-0121,1,ALCOHOL,ALCOHOL,ALCOHOL,,N,,,,,SCREENING,,,,
VISION-NSCLC,SU,VISION-NSCLC-SITE001-0121,2,COFFEE,COFFEE,CAFFEINE,,Y,,5.0,CUPS/DAY,QD,SCREENING,2011-02-13,,-4767,
VISION-NSCLC,SU,VISION-NSCLC-SITE001-0121,3,CIGARETTES,CIGARETTES,TOBACCO,CIGARETTES,Y,,8.0,CIGARETTES/DAY,QD,SCREENING,2003-02-15,,-7687,
VISION-NSCLC,SU,VISION-NSCLC-SITE001-0124,1,ALCOHOL,ALCOHOL,ALCOHOL,,Y,,9.0,DRINKS/WEEK,QW,SCREENING,2002-02-25,,-8053,
VISION-NSCLC,SU,VISION-NSCLC-SITE001-0124,2,COFFEE,COFFEE,CAFFEINE,,Y,,4.0,CUPS/DAY,QD,SCREENING,2014-02-22,,-3673,
VISION-NSCLC,SU,VISION-NSCLC-SITE001-0124,3,CIGARETTES,CIGARETTES,TOBACCO,CIGARETTES,Y,,,,,SCREENING,,2011-02-23,-5863,-4768
VISION-NSCLC,SU,VISION-NSCLC-SITE001-0127,1,ALCOHOL,ALCOHOL,ALCOHOL,,Y,,,,,SCREENING,1994-02-13,2013-02-08,-10963,-4028
VISION-NSCLC,SU,VISION-NSCLC-SITE001-0127,2,COFFEE,COFFEE,CAFFEINE,,Y,,5.0,CUPS/DAY,QD,SCREENING,2017-02-07,,-2568,
VISION-NSCLC,SU,VISION-NSCLC-SITE001-0127,3,CIGARETTES,CIGARETTES,TOBACCO,CIGARETTES,N,,,,,SCREENING,,,,
VISION-NSCLC,SU,VISION-NSCLC-SITE001-0130,1,ALCOHOL,ALCOHOL,ALCOHOL,,Y,,3.0,DRINKS/WEEK,QW,SCREENING,2007-02-06,,-6223,
VISION-NSCLC,SU,VISION-NSCLC-SITE001-0130,2,COFFEE,COFFEE,CAFFEINE,,N,,,,,SCREENING,,,,
VISION-NSCLC,SU,VISION-NSCLC-SITE001-0130,3,CIGARETTES,CIGARETTES,TOBACCO,CIGARETTES,N,,,,,SCREENING,,,,
VISION-NSCLC,SU,VISION-NSCLC-SITE001-0133,1,ALCOHOL,ALCOHOL,ALCOHOL,,Y,,,,,SCREENING,2007-03-01,2016-02-27,-6226,-2941
VISION-NSCLC,SU,VISION-NSCLC-SITE001-0133,2,COFFEE,COFFEE,CAFFEINE,,Y,,5.0,CUPS/DAY,QD,SCREENING,1994-03-04,,-10971,
VISION-NSCLC,SU,VISION-NSCLC-SITE001-0133,3,CIGARETTES,CIGARETTES,TOBACCO,CIGARETTES,N,,,,,SCREENING,,,,
VISION-NSCLC,SU,VISION-NSCLC-SITE001-0136,1,ALCOHOL,ALCOHOL,ALCOHOL,,N,,,,,SCREENING,,,,
VISION-NSCLC,SU,VISION-NSCLC-SITE001-0136,2,COFFEE,COFFEE,CAFFEINE,,N,,,,,SCREENING,,,,
VISION-NSCLC,SU,VISION-NSCLC-SITE001-0136,3,CIGARETTES,CIGARETTES,TOBACCO,CIGARETTES,N,,,,,SCREENING,,,,
VISION-NSCLC,SU,VISION-NSCLC-SITE001-0139,1,ALCOHOL,ALCOHOL,ALCOHOL,,Y,,12.0,DRINKS/WEEK,QW,SCREENING,2004-01-26,,-7319,
VISION-NSCLC,SU,VISION-NSCLC-SITE001-0139,2,COFFEE,COFFEE,CAFFEINE,,Y,,5.0,CUPS/DAY,QD,SCREENING,2019-01-22,,-1844,
VISION-NSCLC,SU,VISION-NSCLC-SITE001-0139,3,CIGARETTES,CIGARETTES,TOBACCO,CIGARETTES,Y,,22.0,CIGARETTES/DAY,QD,SCREENING,2011-01-24,,-4764,
VISION-NSCLC,SU,VISION-NSCLC-SITE001-0142,1,ALCOHOL,ALCOHOL,ALCOHOL,,Y,,7.0,DRINKS/WEEK,QW,SCREENING,2009-02-12,,-5501,
VISION-NSCLC,SU,VISION-NSCLC-SITE001-0142,2,COFFEE,COFFEE,CAFFEINE,,Y,,4.0,CUPS/DAY,QD,SCREENING,1997-02-15,,-9881,
VISION-NSCLC,SU,VISION-NSCLC-SITE001-0142,3,CIGARETTES,CIGARETTES,TOBACCO,CIGARETTES,Y,,16.0,CIGARETTES/DAY,QD,SCREENING,2009-02-12,,-5501,
VISION-NSCLC,SU,VISION-NSCLC-SITE001-0145,1,ALCOHOL,ALCOHOL,ALCOHOL,,N,,,,,SCREENING,,,,
VISION-NSCLC,SU,VISION-NSCLC-SITE001-0145,2,COFFEE,COFFEE,CAFFEINE,,N,,,,,SCREENING,,,,
VISION-NSCLC,SU,VISION-NSCLC-SITE001-0145,3,CIGARETTES,CIGARETTES,TOBACCO,CIGARETTES,Y,,,,,SCREENING,1994-03-09,2004-03-06,-10958,-7308
VISION-NSCLC,SU,VISION-NSCLC-SITE001-0148,1,ALCOHOL,ALCOHOL,ALCOHOL,,N,,,,,SCREENING,,,,
VISION-NSCLC,SU,VISION-NSCLC-SITE001-0148,2,COFFEE,COFFEE,CAFFEINE,,Y,,2.0,CUPS/DAY,QD,SCREENING,2008-03-17,,-5851,
VISION-NSCLC,SU,VISION-NSCLC-SITE001-0148,3,CIGARETTES,CIGARETTES,TOBACCO,CIGARETTES,Y,,11.0,CIGARETTES/DAY,QD,SCREENING,2013-03-16,,-4026,
VISION-NSCLC,SU,VISION-NSCLC-SITE002-0002,1,ALCOHOL,ALCOHOL,ALCOHOL,,N,,,,,SCREENING,,,,
VISION-NSCLC,SU,VISION-NSCLC-SITE002-0002,2,COFFEE,COFFEE,CAFFEINE,,Y,,,,,SCREENING,1998-04-19,2017-04-14,-9512,-2577
VISION-NSCLC,SU,VISION-NSCLC-SITE002-0002,3,CIGARETTES,CIGARETTES,TOBACCO,CIGARETTES,N,,,,,SCREENING,,,,
VISION-NSCLC,SU,VISION-NSCLC-SITE002-0005,1,ALCOHOL,ALCOHOL,ALCOHOL,,N,,,,,SCREENING,,,,
VISION-NSCLC,SU,VISION-NSCLC-SITE002-0005,2,COFFEE,COFFEE,CAFFEINE,,Y,,3.0,CUPS/DAY,QD,SCREENING,2023-04-04,,-381,
VISION-NSCLC,SU,VISION-NSCLC-SITE002-0005,3,CIGARETTES,CIGARETTES,TOBACCO,CIGARETTES,N,,,,,SCREENING,,,,
VISION-NSCLC,SU,VISION-NSCLC-SITE002-0008,1,ALCOHOL,ALCOHOL,ALCOHOL,,Y,,1.0,DRINKS/WEEK,QW,SCREENING,1995-01-29,,-10617,
VISION-NSCLC,SU,VISION-NSCLC-SITE002-0008,2,COFFEE,COFFEE,CAFFEINE,,Y,,5.0,CUPS/DAY,QD,SCREENING,2022-01-22,,-762,
VISION-NSCLC,SU,VISION-NSCLC-SITE002-0008,3,CIGARETTES,CIGARETTES,TOBACCO,CIGARETTES,N,,,,,SCREENING,,,,
VISION-NSCLC,SU,VISION-NSCLC-SITE002-0011,1,ALCOHOL,ALCOHOL,ALCOHOL,,N,,,,,SCREENING,,,,
VISION-NSCLC,SU,VISION-NSCLC-SITE002-0011,2,COFFEE,COFFEE,CAFFEINE,,Y,,5.0,CUPS/DAY,QD,SCREENING,2017-02-25,,-2587,
VISION-NSCLC,SU,VISION-NSCLC-SITE002-0011,3,CIGARETTES,CIGARETTES,TOBACCO,CIGARETTES,Y,,19.0,CIGARETTES/DAY,QD,SCREENING,2011-02-27,,-4777,
VISION-NSCLC,SU,VISION-NSCLC-SITE002-0014,1,ALCOHOL,ALCOHOL,ALCOHOL,,Y,,,,,SCREENING,1999-03-25,2019-03-20,-9140,-1840
VISION-NSCLC,SU,VISION-NSCLC-SITE002-0014,2,COFFEE,COFFEE,CAFFEINE,,Y,,2.0,CUPS/DAY,QD,SCREENING,1994-03-26,,-10965,
VISION-NSCLC,SU,VISION-NSCLC-SITE002-0014,3,CIGARETTES,CIGARETTES,TOBACCO,CIGARETTES,Y,,,,,SCREENING,2005-03-23,2006-03-23,-6950,-6585
VISION-NSCLC,SU,VISION-NSCLC-SITE002-0017,1,ALCOHOL,ALCOHOL,ALCOHOL,,N,,,,,SCREENING,,,,
VISION-NSCLC,SU,VISION-NSCLC-SITE002-0017,2,COFFEE,COFFEE,CAFFEINE,,Y,,1.0,CUPS/DAY,QD,SCREENING,2011-02-14,,-4778,
VISION-NSCLC,SU,VISION-NSCLC-SITE002-0017,3,CIGARETTES,CIGARETTES,TOBACCO,CIGARETTES,Y,,,,,SCREENING,2001-02-16,2007-02-15,-8428,-6238
VISION-NSCLC,SU,VISION-NSCLC-SITE002-0020,1,ALCOHOL,ALCOHOL,ALCOHOL,,Y,,13.0,DRINKS/WEEK,QW,SCREENING,2014-02-22,,-3677,
VISION-NSCLC,SU,VISION-NSCLC-SITE002-0020,2,COFFEE,COFFEE,CAFFEINE,,Y,,4.0,CUPS/DAY,QD,SCREENING,2009-02-23,,-5502,
VISION-NSCLC,SU,VISION-NSCLC-SITE002-0020,3,CIGARETTES,CIGARETTES,TOBACCO,CIGARETTES,Y,,,,,SCREENING,2014-02-22,2015-02-22,-3677,-3312
VISION-NSCLC,SU,VISION-NSCLC-SITE002-0023,1,ALCOHOL,ALCOHOL,ALCOHOL,,N,,,,,SCREENING,,,,
VISION-NSCLC,SU,VISION-NSCLC-SITE002-0023,2,COFFEE,COFFEE,CAFFEINE,,Y,,4.0,CUPS/DAY,QD,SCREENING,2002-02-08,,-8060,
VISION-NSCLC,SU,VISION-NSCLC-SITE002-0023,3,CIGARETTES,CIGARETTES,TOBACCO,CIGARETTES,N,,,,,SCREENING,,,,
VISION-NSCLC,SU,VISION-NSCLC-SITE002-0026,1,ALCOHOL,ALCOHOL,ALCOHOL,,Y,,,,,SCREENING,2006-04-14,2018-04-11,-6581,-2201
VISION-NSCLC,SU,VISION-NSCLC-SITE002-0026,2,COFFEE,COFFEE,CAFFEINE,,N,,,,,SCREENING,,,,
VISION-NSCLC,SU,VISION-NSCLC-SITE002-0026,3,CIGARETTES,CIGARETTES,TOBACCO,CIGARETTES,Y,,,,,SCREENING,2023-04-17,2023-04-10,-6581,-376
VISION-NSCLC,SU,VISION-NSCLC-SITE002-0029,1,ALCOHOL,ALCOHOL,ALCOHOL,,Y,,,,,SCREENING,2015-02-20,2016-02-20,-3308,-2943
VISION-NSCLC,SU,VISION-NSCLC-SITE002-0029,2,COFFEE,COFFEE,CAFFEINE,,Y,,3.0,CUPS/DAY,QD,SCREENING,2005-02-22,,-6958,
VISION-NSCLC,SU,VISION-NSCLC-SITE002-0029,3,CIGARETTES,CIGARETTES,TOBACCO,CIGARETTES,N,,,,,SCREENING,,,,
VISION-NSCLC,SU,VISION-NSCLC-SITE002-0032,1,ALCOHOL,ALCOHOL,ALCOHOL,,Y,,11.0,DRINKS/WEEK,QW,SCREENING,1999-03-11,,-9133,
VISION-NSCLC,SU,VISION-NSCLC-SITE002-0032,2,COFFEE,COFFEE,CAFFEINE,,Y,,3.0,CUPS/DAY,QD,SCREENING,2009-03-08,,-5483,
VISION-NSCLC,SU,VISION-NSCLC-SITE002-0032,3,CIGARETTES,CIGARETTES,TOBACCO,CIGARETTES,Y,,14.0,CIGARETTES/DAY,QD,SCREENING,1995-03-12,,-10593,
VISION-NSCLC,SU,VISION-NSCLC-SITE002-0035,1,ALCOHOL,ALCOHOL,ALCOHOL,,N,,,,,SCREENING,,,,
VISION-NSCLC,SU,VISION-NSCLC-SITE002-0035,2,COFFEE,COFFEE,CAFFEINE,,N,,,,,SCREENING,,,,
VISION-NSCLC,SU,VISION-NSCLC-SITE002-0035,3,CIGARETTES,CIGARETTES,TOBACCO,CIGARETTES,N,,,,,SCREENING,,,,
VISION-NSCLC,SU,VISION-NSCLC-SITE002-0038,1,ALCOHOL,ALCOHOL,ALCOHOL,,N,,,,,SCREENING,,,,
VISION-NSCLC,SU,VISION-NSCLC-SITE002-0038,2,COFFEE,COFFEE,CAFFEINE,,Y,,3.0,CUPS/DAY,QD,SCREENING,2023-02-20,,-396,
VISION-NSCLC,SU,VISION-NSCLC-SITE002-0038,3,CIGARETTES,CIGARETTES,TOBACCO,CIGARETTES,Y,,6.0,CIGARETTES/DAY,QD,SCREENING,2023-02-20,,-396,
VISION-NSCLC,SU,VISION-NSCLC-SITE002-0041,1,ALCOHOL,ALCOHOL,ALCOHOL,,Y,,,,,SCREENING,1995-02-03,2020-01-28,-10599,-1474
VISION-NSCLC,SU,VISION-NSCLC-SITE002-0041,2,COFFEE,COFFEE,CAFFEINE,,Y,,1.0,CUPS/DAY,QD,SCREENING,2022-01-27,,-744,
VISION-NSCLC,SU,VISION-NSCLC-SITE002-0041,3,CIGARETTES,CIGARETTES,TOBACCO,CIGARETTES,N,,,,,SCREENING,,,,
VISION-NSCLC,SU,VISION-NSCLC-SITE002-0044,1,ALCOHOL,ALCOHOL,ALCOHOL,,Y,,3.0,DRINKS/WEEK,QW,SCREENING,2004-03-10,,-7318,
VISION-NSCLC,SU,VISION-NSCLC-SITE002-0044,2,COFFEE,COFFEE,CAFFEINE,,Y,,3.0,CUPS/DAY,QD,SCREENING,1996-03-12,,-10238,
VISION-NSCLC,SU,VISION-NSCLC-SITE002-0044,3,CIGARETTES,CIGARETTES,TOBACCO,CIGARETTES,Y,,,,,SCREENING,1999-03-12,2022-03-06,-9143,-748
VISION-NSCLC,SU,VISION-NSCLC-SITE002-0047,1,ALCOHOL,ALCOHOL,ALCOHOL,,N,,,,,SCREENING,,,,
VISION-NSCLC,SU,VISION-NSCLC-SITE002-0047,2,COFFEE,COFFEE,CAFFEINE,,N,,,,,SCREENING,,,,
VISION-NSCLC,SU,VISION-NSCLC-SITE002-0047,3,CIGARETTES,CIGARETTES,TOBACCO,CIGARETTES,Y,,,,,SCREENING,2000-03-30,2012-03-27,-8788,-4408
VISION-NSCLC,SU,VISION-NSCLC-SITE002-0050,1,ALCOHOL,ALCOHOL,ALCOHOL,,N,,,,,SCREENING,,,,
VISION-NSCLC,SU,VISION-NSCLC-SITE002-0050,2,COFFEE,COFFEE,CAFFEINE,,Y,,5.0,CUPS/DAY,QD,SCREENING,2023-02-07,,-388,
VISION-NSCLC,SU,VISION-NSCLC-SITE002-0050,3,CIGARETTES,CIGARETTES,TOBACCO,CIGARETTES,Y,,14.0,CIGARETTES/DAY,QD,SCREENING,1997-02-13,,-9878,
VISION-NSCLC,SU,VISION-NSCLC-SITE002-0056,1,ALCOHOL,ALCOHOL,ALCOHOL,,Y,,13.0,DRINKS/WEEK,QW,SCREENING,2014-02-25,,-3662,
VISION-NSCLC,SU,VISION-NSCLC-SITE002-0056,2,COFFEE,COFFEE,CAFFEINE,,Y,,1.0,CUPS/DAY,QD,SCREENING,2006-02-27,,-6582,
VISION-NSCLC,SU,VISION-NSCLC-SITE002-0056,3,CIGARETTES,CIGARETTES,TOBACCO,CIGARETTES,Y,,23.0,CIGARETTES/DAY,QD,SCREENING,2015-02-25,,-3297,
VISION-NSCLC,SU,VISION-NSCLC-SITE002-0059,1,ALCOHOL,ALCOHOL,ALCOHOL,,N,,,,,SCREENING,,,,
VISION-NSCLC,SU,VISION-NSCLC-SITE002-0059,2,COFFEE,COFFEE,CAFFEINE,,N,,,,,SCREENING,,,,
VISION-NSCLC,SU,VISION-NSCLC-SITE002-0059,3,CIGARETTES,CIGARETTES,TOBACCO,CIGARETTES,N,,,,,SCREENING,,,,
VISION-NSCLC,SU,VISION-NSCLC-SITE002-0062,1,ALCOHOL,ALCOHOL,ALCOHOL,,Y,,8.0,DRINKS/WEEK,QW,SCREENING,2014-03-14,,-3675,
VISION-NSCLC,SU,VISION-NSCLC-SITE002-0062,2,COFFEE,COFFEE,CAFFEINE,,Y,,4.0,CUPS/DAY,QD,SCREENING,2017-03-13,,-2580,
VISION-NSCLC,SU,VISION-NSCLC-SITE002-0062,3,CIGARETTES,CIGARETTES,TOBACCO,CIGARETTES,Y,,,,,SCREENING,1990-03-20,2018-03-13,-12435,-2215
VISION-NSCLC,SU,VISION-NSCLC-SITE002-0068,1,ALCOHOL,ALCOHOL,ALCOHOL,,Y,,4.0,DRINKS/WEEK,QW,SCREENING,2021-01-15,,-1120,
VISION-NSCLC,SU,VISION-NSCLC-SITE002-0068,2,COFFEE,COFFEE,CAFFEINE,,Y,,1.0,CUPS/DAY,QD,SCREENING,1997-01-21,,-9880,
VISION-NSCLC,SU,VISION-NSCLC-SITE002-0068,3,CIGARETTES,CIGARETTES,TOBACCO,CIGARETTES,Y,,11.0,CIGARETTES/DAY,QD,SCREENING,2022-01-15,,-755,
VISION-NSCLC,SU,VISION-NSCLC-SITE002-0071,1,ALCOHOL,ALCOHOL,ALCOHOL,,Y,,3.0,DRINKS/WEEK,QW,SCREENING,2023-03-25,,-393,
VISION-NSCLC,SU,VISION-NSCLC-SITE002-0071,2,COFFEE,COFFEE,CAFFEINE,,Y,,2.0,CUPS/DAY,QD,SCREENING,2011-03-28,,-4773,
VISION-NSCLC,SU,VISION-NSCLC-SITE002-0071,3,CIGARETTES,CIGARETTES,TOBACCO,CIGARETTES,Y,,,,,SCREENING,2005-03-29,2012-03-27,-6963,-4408
VISION-NSCLC,SU,VISION-NSCLC-SITE002-0074,1,ALCOHOL,ALCOHOL,ALCOHOL,,N,,,,,SCREENING,,,,
VISION-NSCLC,SU,VISION-NSCLC-SITE002-0074,2,COFFEE,COFFEE,CAFFEINE,,Y,,2.0,CUPS/DAY,QD,SCREENING,2012-03-21,,-4394,
VISION-NSCLC,SU,VISION-NSCLC-SITE002-0074,3,CIGARETTES,CIGARETTES,TOBACCO,CIGARETTES,Y,,9.0,CIGARETTES/DAY,QD,SCREENING,2001-03-24,,-8409,
VISION-NSCLC,SU,VISION-NSCLC-SITE002-0077,1,ALCOHOL,ALCOHOL,ALCOHOL,,N,,,,,SCREENING,,,,
VISION-NSCLC,SU,VISION-NSCLC-SITE002-0077,2,COFFEE,COFFEE,CAFFEINE,,Y,,5.0,CUPS/DAY,QD,SCREENING,2011-04-05,,-4774,
VISION-NSCLC,SU,VISION-NSCLC-SITE002-0077,3,CIGARETTES,CIGARETTES,TOBACCO,CIGARETTES,N,,,,,SCREENING,,,,
VISION-NSCLC,SU,VISION-NSCLC-SITE002-0080,1,ALCOHOL,ALCOHOL,ALCOHOL,,N,,,,,SCREENING,,,,
VISION-NSCLC,SU,VISION-NSCLC-SITE002-0080,2,COFFEE,COFFEE,CAFFEINE,,Y,,5.0,CUPS/DAY,QD,SCREENING,2008-02-02,,-5863,
VISION-NSCLC,SU,VISION-NSCLC-SITE002-0080,3,CIGARETTES,CIGARETTES,TOBACCO,CIGARETTES,N,,,,,SCREENING,,,,
VISION-NSCLC,SU,VISION-NSCLC-SITE002-0083,1,ALCOHOL,ALCOHOL,ALCOHOL,,Y,,,,,SCREENING,2006-01-25,2010-01-24,-6577,-5117
VISION-NSCLC,SU,VISION-NSCLC-SITE002-0083,2,COFFEE,COFFEE,CAFFEINE,,Y,,3.0,CUPS/DAY,QD,SCREENING,2020-01-22,,-1467,
VISION-NSCLC,SU,VISION-NSCLC-SITE002-0083,3,CIGARETTES,CIGARETTES,TOBACCO,CIGARETTES,N,,,,,SCREENING,,,,
VISION-NSCLC,SU,VISION-NSCLC-SITE002-0086,1,ALCOHOL,ALCOHOL,ALCOHOL,,Y,,1.0,DRINKS/WEEK,QW,SCREENING,2016-01-26,,-2950,
VISION-NSCLC,SU,VISION-NSCLC-SITE002-0086,2,COFFEE,COFFEE,CAFFEINE,,Y,,2.0,CUPS/DAY,QD,SCREENING,2003-01-29,,-7695,
VISION-NSCLC,SU,VISION-NSCLC-SITE002-0086,3,CIGARETTES,CIGARETTES,TOBACCO,CIGARETTES,N,,,,,SCREENING,,,,
VISION-NSCLC,SU,VISION-NSCLC-SITE002-0089,1,ALCOHOL,ALCOHOL,ALCOHOL,,N,,,,,SCREENING,,,,
VISION-NSCLC,SU,VISION-NSCLC-SITE002-0089,2,COFFEE,COFFEE,CAFFEINE,,Y,,4.0,CUPS/DAY,QD,SCREENING,2006-03-07,,-6585,
VISION-NSCLC,SU,VISION-NSCLC-SITE002-0089,3,CIGARETTES,CIGARETTES,TOBACCO,CIGARETTES,N,,,,,SCREENING,,,,
VISION-NSCLC,SU,VISION-NSCLC-SITE002-0092,1,ALCOHOL,ALCOHOL,ALCOHOL,,Y,,4.0,DRINKS/WEEK,QW,SCREENING,2008-03-08,,-5872,
VISION-NSCLC,SU,VISION-NSCLC-SITE002-0092,2,COFFEE,COFFEE,CAFFEINE,,Y,,4.0,CUPS/DAY,QD,SCREENING,2019-03-06,,-1857,
VISION-NSCLC,SU,VISION-NSCLC-SITE002-0092,3,CIGARETTES,CIGARETTES,TOBACCO,CIGARETTES,N,,,,,SCREENING,,,,
VISION-NSCLC,SU,VISION-NSCLC-SITE002-0095,1,ALCOHOL,ALCOHOL,ALCOHOL,,Y,,9.0,DRINKS/WEEK,QW,SCREENING,1994-03-25,,-10966,
VISION-NSCLC,SU,VISION-NSCLC-SITE002-0095,2,COFFEE,COFFEE,CAFFEINE,,Y,,1.0,CUPS/DAY,QD,SCREENING,2000-03-23,,-8776,
VISION-NSCLC,SU,VISION-NSCLC-SITE002-0095,3,CIGARETTES,CIGARETTES,TOBACCO,CIGARETTES,N,,,,,SCREENING,,,,
VISION-NSCLC,SU,VISION-NSCLC-SITE002-0101,1,ALCOHOL,ALCOHOL,ALCOHOL,,N,,,,,SCREENING,,,,
VISION-NSCLC,SU,VISION-NSCLC-SITE002-0101,2,COFFEE,COFFEE,CAFFEINE,,Y,,3.0,CUPS/DAY,QD,SCREENING,2010-02-25,,-5122,
VISION-NSCLC,SU,VISION-NSCLC-SITE002-0101,3,CIGARETTES,CIGARETTES,TOBACCO,CIGARETTES,N,,,,,SCREENING,,,,
VISION-NSCLC,SU,VISION-NSCLC-SITE002-0104,1,ALCOHOL,ALCOHOL,ALCOHOL,,N,,,,,SCREENING,,,,
VISION-NSCLC,SU,VISION-NSCLC-SITE002-0104,2,COFFEE,COFFEE,CAFFEINE,,N,,,,,SCREENING,,,,
VISION-NSCLC,SU,VISION-NSCLC-SITE002-0104,3,CIGARETTES,CIGARETTES,TOBACCO,CIGARETTES,Y,,,,,SCREENING,2009-01-18,2014-01-17,-5491,-3666
VISION-NSCLC,SU,VISION-NSCLC-SITE002-0107,1,ALCOHOL,ALCOHOL,ALCOHOL,,N,,,,,SCREENING,,,,
VISION-NSCLC,SU,VISION-NSCLC-SITE002-0107,2,COFFEE,COFFEE,CAFFEINE,,N,,,,,SCREENING,,,,
VISION-NSCLC,SU,VISION-NSCLC-SITE002-0107,3,CIGARETTES,CIGARETTES,TOBACCO,CIGARETTES,Y,,,,,SCREENING,2010-02-20,2020-02-18,-5139,-1489
VISION-NSCLC,SU,VISION-NSCLC-SITE002-0110,1,ALCOHOL,ALCOHOL,ALCOHOL,,N,,,,,SCREENING,,,,
VISION-NSCLC,SU,VISION-NSCLC-SITE002-0110,2,COFFEE,COFFEE,CAFFEINE,,Y,,4.0,CUPS/DAY,QD,SCREENING,2005-04-04,,-6950,
VISION-NSCLC,SU,VISION-NSCLC-SITE002-0110,3,CIGARETTES,CIGARETTES,TOBACCO,CIGARETTES,Y,,25.0,CIGARETTES/DAY,QD,SCREENING,1994-04-07,,-10965,
VISION-NSCLC,SU,VISION-NSCLC-SITE002-0113,1,ALCOHOL,ALCOHOL,ALCOHOL,,N,,,,,SCREENING,,,,
VISION-NSCLC,SU,VISION-NSCLC-SITE002-0113,2,COFFEE,COFFEE,CAFFEINE,,Y,,2.0,CUPS/DAY,QD,SCREENING,2009-01-29,,-5501,
VISION-NSCLC,SU,VISION-NSCLC-SITE002-0113,3,CIGARETTES,CIGARETTES,TOBACCO,CIGARETTES,Y,,14.0,CIGARETTES/DAY,QD,SCREENING,2010-01-29,,-5136,
VISION-NSCLC,SU,VISION-NSCLC-SITE002-0116,1,ALCOHOL,ALCOHOL,ALCOHOL,,Y,,,,,SCREENING,,2006-01-22,-11712,-6602
VISION-NSCLC,SU,VISION-NSCLC-SITE002-0116,2,COFFEE,COFFEE,CAFFEINE,,Y,,3.0,CUPS/DAY,QD,SCREENING,2010-01-21,,-5142,
VISION-NSCLC,SU,VISION-NSCLC-SITE002-0116,3,CIGARETTES,CIGARETTES,TOBACCO,CIGARETTES,N,,,,,SCREENING,,,,
VISION-NSCLC,SU,VISION-NSCLC-SITE002-0119,1,ALCOHOL,ALCOHOL,ALCOHOL,,N,,,,,SCREENING,,,,
VISION-NSCLC,SU,VISION-NSCLC-SITE002-0119,2,COFFEE,COFFEE,CAFFEINE,,Y,,4.0,CUPS/DAY,QD,SCREENING,2003-03-09,,-7680,
VISION-NSCLC,SU,VISION-NSCLC-SITE002-0119,3,CIGARETTES,CIGARETTES,TOBACCO,CIGARETTES,Y,,16.0,CIGARETTES/DAY,QD,SCREENING,2015-03-06,,-3300,
VISION-NSCLC,SU,VISION-NSCLC-SITE002-0122,1,ALCOHOL,ALCOHOL,ALCOHOL,,Y,,1.0,DRINKS/WEEK,QW,SCREENING,2011-02-27,,-4763,
VISION-NSCLC,SU,VISION-NSCLC-SITE002-0122,2,COFFEE,COFFEE,CAFFEINE,,Y,,5.0,CUPS/DAY,QD,SCREENING,2020-02-25,,-1478,
VISION-NSCLC,SU,VISION-NSCLC-SITE002-0122,3,CIGARETTES,CIGARETTES,TOBACCO,CIGARETTES,N,,,,,SCREENING,,,,
VISION-NSCLC,SU,VISION-NSCLC-SITE002-0125,1,ALCOHOL,ALCOHOL,ALCOHOL,,Y,,1.0,DRINKS/WEEK,QW,SCREENING,2010-03-13,,-5131,
VISION-NSCLC,SU,VISION-NSCLC-SITE002-0125,2,COFFEE,COFFEE,CAFFEINE,,Y,,3.0,CUPS/DAY,QD,SCREENING,2019-03-11,,-1846,
VISION-NSCLC,SU,VISION-NSCLC-SITE002-0125,3,CIGARETTES,CIGARETTES,TOBACCO,CIGARETTES,Y,,9.0,CIGARETTES/DAY,QD,SCREENING,2003-03-15,,-7686,
VISION-NSCLC,SU,VISION-NSCLC-SITE002-0128,1,ALCOHOL,ALCOHOL,ALCOHOL,,N,,,,,SCREENING,,,,
VISION-NSCLC,SU,VISION-NSCLC-SITE002-0128,2,COFFEE,COFFEE,CAFFEINE,,Y,,,,,SCREENING,2012-03-10,2017-03-09,-4394,-2569
VISION-NSCLC,SU,VISION-NSCLC-SITE002-0128,3,CIGARETTES,CIGARETTES,TOBACCO,CIGARETTES,N,,,,,SCREENING,,,,
VISION-NSCLC,SU,VISION-NSCLC-SITE002-0131,1,ALCOHOL,ALCOHOL,ALCOHOL,,Y,,,,,SCREENING,1991-04-08,2020-03-31,-12069,-1484
VISION-NSCLC,SU,VISION-NSCLC-SITE002-0131,2,COFFEE,COFFEE,CAFFEINE,,Y,,4.0,CUPS/DAY,QD,SCREENING,2010-04-03,,-5134,
VISION-NSCLC,SU,VISION-NSCLC-SITE002-0131,3,CIGARETTES,CIGARETTES,TOBACCO,CIGARETTES,N,,,,,SCREENING,,,,
VISION-NSCLC,SU,VISION-NSCLC-SITE002-0134,1,ALCOHOL,ALCOHOL,ALCOHOL,,Y,,1.0,DRINKS/WEEK,QW,SCREENING,2007-02-25,,-6222,
VISION-NSCLC,SU,VISION-NSCLC-SITE002-0134,2,COFFEE,COFFEE,CAFFEINE,,Y,,4.0,CUPS/DAY,QD,SCREENING,2003-02-26,,-7682,
VISION-NSCLC,SU,VISION-NSCLC-SITE002-0134,3,CIGARETTES,CIGARETTES,TOBACCO,CIGARETTES,N,,,,,SCREENING,,,,
VISION-NSCLC,SU,VISION-NSCLC-SITE002-0137,1,ALCOHOL,ALCOHOL,ALCOHOL,,Y,,12.0,DRINKS/WEEK,QW,SCREENING,2000-02-08,,-8776,
VISION-NSCLC,SU,VISION-NSCLC-SITE002-0137,2,COFFEE,COFFEE,CAFFEINE,,Y,,,,,SCREENING,2015-02-04,2021-02-02,-3301,-1111
VISION-NSCLC,SU,VISION-NSCLC-SITE002-0137,3,CIGARETTES,CIGARETTES,TOBACCO,CIGARETTES,Y,,26.0,CIGARETTES/DAY,QD,SCREENING,1994-02-09,,-10966,
VISION-NSCLC,SU,VISION-NSCLC-SITE002-0140,1,ALCOHOL,ALCOHOL,ALCOHOL,,N,,,,,SCREENING,,,,
VISION-NSCLC,SU,VISION-NSCLC-SITE002-0140,2,COFFEE,COFFEE,CAFFEINE,,N,,,,,SCREENING,,,,
VISION-NSCLC,SU,VISION-NSCLC-SITE002-0140,3,CIGARETTES,CIGARETTES,TOBACCO,CIGARETTES,Y,,19.0,CIGARETTES/DAY,QD,SCREENING,2012-02-15,,-4389,
VISION-NSCLC,SU,VISION-NSCLC-SITE002-0143,1,ALCOHOL,ALCOHOL,ALCOHOL,,N,,,,,SCREENING,,,,
VISION-NSCLC,SU,VISION-NSCLC-SITE002-0143,2,COFFEE,COFFEE,CAFFEINE,,Y,,5.0,CUPS/DAY,QD,SCREENING,2009-02-15,,-5507,
VISION-NSCLC,SU,VISION-NSCLC-SITE002-0143,3,CIGARETTES,CIGARETTES,TOBACCO,CIGARETTES,N,,,,,SCREENING,,,,
VISION-NSCLC,SU,VISION-NSCLC-SITE002-0146,1,ALCOHOL,ALCOHOL,ALCOHOL,,Y,,5.0,DRINKS/WEEK,QW,SCREENING,2021-03-06,,-1117,
VISION-NSCLC,SU,VISION-NSCLC-SITE002-0146,2,COFFEE,COFFEE,CAFFEINE,,Y,,,,,SCREENING,2013-03-08,2016-03-07,-4037,-2942
VISION-NSCLC,SU,VISION-NSCLC-SITE002-0146,3,CIGARETTES,CIGARETTES,TOBACCO,CIGARETTES,N,,,,,SCREENING,,,,
VISION-NSCLC,SU,VISION-NSCLC-SITE002-0149,1,ALCOHOL,ALCOHOL,ALCOHOL,,Y,,1.0,DRINKS/WEEK,QW,SCREENING,2004-03-19,,-7317,
VISION-NSCLC,SU,VISION-NSCLC-SITE002-0149,2,COFFEE,COFFEE,CAFFEINE,,N,,,,,SCREENING,,,,
VISION-NSCLC,SU,VISION-NSCLC-SITE002-0149,3,CIGARETTES,CIGARETTES,TOBACCO,CIGARETTES,N,,,,,SCREENING,,,,
VISION-NSCLC,SU,VISION-NSCLC-SITE003-0003,1,ALCOHOL,ALCOHOL,ALCOHOL,,Y,,7.0,DRINKS/WEEK,QW,SCREENING,2010-03-02,,-5130,
VISION-NSCLC,SU,VISION-NSCLC-SITE003-0003,2,COFFEE,COFFEE,CAFFEINE,,Y,,2.0,CUPS/DAY,QD,SCREENING,2010-03-02,,-5130,
VISION-NSCLC,SU,VISION-NSCLC-SITE003-0003,3,CIGARETTES,CIGARETTES,TOBACCO,CIGARETTES,N,,,,,SCREENING,,,,
VISION-NSCLC,SU,VISION-NSCLC-SITE003-0006,1,ALCOHOL,ALCOHOL,ALCOHOL,,Y,,10.0,DRINKS/WEEK,QW,SCREENING,2011-02-16,,-4765,
VISION-NSCLC,SU,VISION-NSCLC-SITE003-0006,2,COFFEE,COFFEE,CAFFEINE,,Y,,3.0,CUPS/DAY,QD,SCREENING,1994-02-20,,-10970,
VISION-NSCLC,SU,VISION-NSCLC-SITE003-0006,3,CIGARETTES,CIGARETTES,TOBACCO,CIGARETTES,Y,,,,,SCREENING,1995-02-20,2009-02-16,-10605,-5495
VISION-NSCLC,SU,VISION-NSCLC-SITE003-0009,1,ALCOHOL,ALCOHOL,ALCOHOL,,Y,,2.0,DRINKS/WEEK,QW,SCREENING,2021-03-29,,-1107,
VISION-NSCLC,SU,VISION-NSCLC-SITE003-0009,2,COFFEE,COFFEE,CAFFEINE,,N,,,,,SCREENING,,,,
VISION-NSCLC,SU,VISION-NSCLC-SITE003-0009,3,CIGARETTES,CIGARETTES,TOBACCO,CIGARETTES,Y,,,,,SCREENING,1996-04-04,2019-03-30,-10232,-1837
VISION-NSCLC,SU,VISION-NSCLC-SITE003-0012,1,ALCOHOL,ALCOHOL,ALCOHOL,,N,,,,,SCREENING,,,,
VISION-NSCLC,SU,VISION-NSCLC-SITE003-0012,2,COFFEE,COFFEE,CAFFEINE,,Y,,3.0,CUPS/DAY,QD,SCREENING,2023-03-24,,-377,
VISION-NSCLC,SU,VISION-NSCLC-SITE003-0012,3,CIGARETTES,CIGARETTES,TOBACCO,CIGARETTES,Y,,20.0,CIGARETTES/DAY,QD,SCREENING,2016-03-25,,-2932,
VISION-NSCLC,SU,VISION-NSCLC-SITE003-0021,1,ALCOHOL,ALCOHOL,ALCOHOL,,Y,,3.0,DRINKS/WEEK,QW,SCREENING,2003-02-04,,-7687,
VISION-NSCLC,SU,VISION-NSCLC-SITE003-0021,2,COFFEE,COFFEE,CAFFEINE,,Y,,4.0,CUPS/DAY,QD,SCREENING,2017-01-31,,-2577,
VISION-NSCLC,SU,VISION-NSCLC-SITE003-0021,3,CIGARETTES,CIGARETTES,TOBACCO,CIGARETTES,N,,,,,SCREENING,,,,
VISION-NSCLC,SU,VISION-NSCLC-SITE003-0024,1,ALCOHOL,ALCOHOL,ALCOHOL,,Y,,1.0,DRINKS/WEEK,QW,SCREENING,2009-02-15,,-5482,
VISION-NSCLC,SU,VISION-NSCLC-SITE003-0024,2,COFFEE,COFFEE,CAFFEINE,,Y,,,,,SCREENING,1999-02-18,2003-02-17,-9132,-7672
VISION-NSCLC,SU,VISION-NSCLC-SITE003-0024,3,CIGARETTES,CIGARETTES,TOBACCO,CIGARETTES,Y,,29.0,CIGARETTES/DAY,QD,SCREENING,1995-02-19,,-10592,
VISION-NSCLC,SU,VISION-NSCLC-SITE003-0030,1,ALCOHOL,ALCOHOL,ALCOHOL,,N,,,,,SCREENING,,,,
VISION-NSCLC,SU,VISION-NSCLC-SITE003-0030,2,COFFEE,COFFEE,CAFFEINE,,Y,,4.0,CUPS/DAY,QD,SCREENING,2023-03-12,,-393,
VISION-NSCLC,SU,VISION-NSCLC-SITE003-0030,3,CIGARETTES,CIGARETTES,TOBACCO,CIGARETTES,N,,,,,SCREENING,,,,
VISION-NSCLC,SU,VISION-NSCLC-SITE003-0033,1,ALCOHOL,ALCOHOL,ALCOHOL,,Y,,2.0,DRINKS/WEEK,QW,SCREENING,2014-04-01,,-3664,
VISION-NSCLC,SU,VISION-NSCLC-SITE003-0033,2,COFFEE,COFFEE,CAFFEINE,,Y,,5.0,CUPS/DAY,QD,SCREENING,2020-03-30,,-1474,
VISION-NSCLC,SU,VISION-NSCLC-SITE003-0033,3,CIGARETTES,CIGARETTES,TOBACCO,CIGARETTES,N,,,,,SCREENING,,,,
VISION-NSCLC,SU,VISION-NSCLC-SITE003-0036,1,ALCOHOL,ALCOHOL,ALCOHOL,,Y,,2.0,DRINKS/WEEK,QW,SCREENING,1994-02-16,,-10963,
VISION-NSCLC,SU,VISION-NSCLC-SITE003-0036,2,COFFEE,COFFEE,CAFFEINE,,Y,,2.0,CUPS/DAY,QD,SCREENING,2002-02-14,,-8043,
VISION-NSCLC,SU,VISION-NSCLC-SITE003-0036,3,CIGARETTES,CIGARETTES,TOBACCO,CIGARETTES,Y,,,,,SCREENING,2012-02-12,2021-02-09,-4393,-1108
VISION-NSCLC,SU,VISION-NSCLC-SITE003-0039,1,ALCOHOL,ALCOHOL,ALCOHOL,,Y,,11.0,DRINKS/WEEK,QW,SCREENING,2016-02-10,,-2941,
VISION-NSCLC,SU,VISION-NSCLC-SITE003-0039,2,COFFEE,COFFEE,CAFFEINE,,Y,,3.0,CUPS/DAY,QD,SCREENING,2006-02-12,,-6591,
VISION-NSCLC,SU,VISION-NSCLC-SITE003-0039,3,CIGARETTES,CIGARETTES,TOBACCO,CIGARETTES,Y,,,,,SCREENING,2009-02-11,2012-02-11,-5496,-4401
VISION-NSCLC,SU,VISION-NSCLC-SITE003-0042,1,ALCOHOL,ALCOHOL,ALCOHOL,,N,,,,,SCREENING,,,,
VISION-NSCLC,SU,VISION-NSCLC-SITE003-0042,2,COFFEE,COFFEE,CAFFEINE,,Y,,3.0,CUPS/DAY,QD,SCREENING,2017-02-22,,-2588,
VISION-NSCLC,SU,VISION-NSCLC-SITE003-0042,3,CIGARETTES,CIGARETTES,TOBACCO,CIGARETTES,N,,,,,SCREENING,,,,
VISION-NSCLC,SU,VISION-NSCLC-SITE003-0048,1,ALCOHOL,ALCOHOL,ALCOHOL,,Y,,4.0,DRINKS/WEEK,QW,SCREENING,2005-03-21,,-6967,
VISION-NSCLC,SU,VISION-NSCLC-SITE003-0048,2,COFFEE,COFFEE,CAFFEINE,,Y,,2.0,CUPS/DAY,QD,SCREENING,2022-03-17,,-762,
VISION-NSCLC,SU,VISION-NSCLC-SITE003-0048,3,CIGARETTES,CIGARETTES,TOBACCO,CIGARETTES,Y,,,,,SCREENING,2014-03-19,2017-03-18,-3682,-2587
VISION-NSCLC,SU,VISION-NSCLC-SITE003-0051,1,ALCOHOL,ALCOHOL,ALCOHOL,,Y,,11.0,DRINKS/WEEK,QW,SCREENING,2005-03-28,,-6947,
VISION-NSCLC,SU,VISION-NSCLC-SITE003-0051,2,COFFEE,COFFEE,CAFFEINE,,Y,,2.0,CUPS/DAY,QD,SCREENING,2014-03-26,,-3662,
VISION-NSCLC,SU,VISION-NSCLC-SITE003-0051,3,CIGARETTES,CIGARETTES,TOBACCO,CIGARETTES,Y,,,,,SCREENING,2012-03-26,2019-03-25,-4392,-1837
VISION-NSCLC,SU,VISION-NSCLC-SITE003-0054,1,ALCOHOL,ALCOHOL,ALCOHOL,,Y,,10.0,DRINKS/WEEK,QW,SCREENING,2009-01-21,,-5483,
VISION-NSCLC,SU,VISION-NSCLC-SITE003-0054,2,COFFEE,COFFEE,CAFFEINE,,N,,,,,SCREENING,,,,
VISION-NSCLC,SU,VISION-NSCLC-SITE003-0054,3,CIGARETTES,CIGARETTES,TOBACCO,CIGARETTES,Y,,15.0,CIGARETTES/DAY,QD,SCREENING,2015-01-20,,-3293,
VISION-NSCLC,SU,VISION-NSCLC-SITE003-0057,1,ALCOHOL,ALCOHOL,ALCOHOL,,N,,,,,SCREENING,,,,
VISION-NSCLC,SU,VISION-NSCLC-SITE003-0057,2,COFFEE,COFFEE,CAFFEINE,,Y,,5.0,CUPS/DAY,QD,SCREENING,2006-03-25,,-6581,
VISION-NSCLC,SU,VISION-NSCLC-SITE003-0057,3,CIGARETTES,CIGARETTES,TOBACCO,CIGARETTES,Y,,,,,SCREENING,2007-03-25,2016-03-22,-6216,-2931
VISION-NSCLC,SU,VISION-NSCLC-SITE003-0060,1,ALCOHOL,ALCOHOL,ALCOHOL,,N,,,,,SCREENING,,,,
VISION-NSCLC,SU,VISION-NSCLC-SITE003-0060,2,COFFEE,COFFEE,CAFFEINE,,Y,,2.0,CUPS/DAY,QD,SCREENING,2022-03-02,,-754,
VISION-NSCLC,SU,VISION-NSCLC-SITE003-0060,3,CIGARETTES,CIGARETTES,TOBACCO,CIGARETTES,N,,,,,SCREENING,,,,
VISION-NSCLC,SU,VISION-NSCLC-SITE003-0063,1,ALCOHOL,ALCOHOL,ALCOHOL,,Y,,4.0,DRINKS/WEEK,QW,SCREENING,2013-02-03,,-4042,
VISION-NSCLC,SU,VISION-NSCLC-SITE003-0063,2,COFFEE,COFFEE,CAFFEINE,,Y,,1.0,CUPS/DAY,QD,SCREENING,2013-02-03,,-4042,
VISION-NSCLC,SU,VISION-NSCLC-SITE003-0063,3,CIGARETTES,CIGARETTES,TOBACCO,CIGARETTES,N,,,,,SCREENING,,,,
VISION-NSCLC,SU,VISION-NSCLC-SITE003-0066,1,ALCOHOL,ALCOHOL,ALCOHOL,,Y,,8.0,DRINKS/WEEK,QW,SCREENING,2023-02-01,,-385,
VISION-NSCLC,SU,VISION-NSCLC-SITE003-0066,2,COFFEE,COFFEE,CAFFEINE,,Y,,5.0,CUPS/DAY,QD,SCREENING,1999-02-07,,-9145,
VISION-NSCLC,SU,VISION-NSCLC-SITE003-0066,3,CIGARETTES,CIGARETTES,TOBACCO,CIGARETTES,Y,,20.0,CIGARETTES/DAY,QD,SCREENING,2003-02-06,,-7685,
VISION-NSCLC,SU,VISION-NSCLC-SITE003-0069,1,ALCOHOL,ALCOHOL,ALCOHOL,,Y,,,,,SCREENING,1993-03-16,2011-03-12,-11337,-4767
VISION-NSCLC,SU,VISION-NSCLC-SITE003-0069,2,COFFEE,COFFEE,CAFFEINE,,Y,,4.0,CUPS/DAY,QD,SCREENING,2004-03-13,,-7322,
VISION-NSCLC,SU,VISION-NSCLC-SITE003-0069,3,CIGARETTES,CIGARETTES,TOBACCO,CIGARETTES,Y,,,,,SCREENING,1995-03-16,2016-03-10,-10607,-2942
VISION-NSCLC,SU,VISION-NSCLC-SITE003-0072,1,ALCOHOL,ALCOHOL,ALCOHOL,,Y,,4.0,DRINKS/WEEK,QW,SCREENING,2011-03-23,,-4764,
VISION-NSCLC,SU,VISION-NSCLC-SITE003-0072,2,COFFEE,COFFEE,CAFFEINE,,N,,,,,SCREENING,,,,
VISION-NSCLC,SU,VISION-NSCLC-SITE003-0072,3,CIGARETTES,CIGARETTES,TOBACCO,CIGARETTES,N,,,,,SCREENING,,,,
VISION-NSCLC,SU,VISION-NSCLC-SITE003-0075,1,ALCOHOL,ALCOHOL,ALCOHOL,,N,,,,,SCREENING,,,,
VISION-NSCLC,SU,VISION-NSCLC-SITE003-0075,2,COFFEE,COFFEE,CAFFEINE,,Y,,5.0,CUPS/DAY,QD,SCREENING,2005-03-17,,-6963,
VISION-NSCLC,SU,VISION-NSCLC-SITE003-0075,3,CIGARETTES,CIGARETTES,TOBACCO,CIGARETTES,Y,,,,,SCREENING,1994-03-20,1998-03-19,-10978,-9518
VISION-NSCLC,SU,VISION-NSCLC-SITE003-0078,1,ALCOHOL,ALCOHOL,ALCOHOL,,Y,,5.0,DRINKS/WEEK,QW,SCREENING,2009-03-21,,-5487,
VISION-NSCLC,SU,VISION-NSCLC-SITE003-0078,2,COFFEE,COFFEE,CAFFEINE,,Y,,2.0,CUPS/DAY,QD,SCREENING,2019-03-19,,-1837,
VISION-NSCLC,SU,VISION-NSCLC-SITE003-0078,3,CIGARETTES,CIGARETTES,TOBACCO,CIGARETTES,N,,,,,SCREENING,,,,
VISION-NSCLC,SU,VISION-NSCLC-SITE003-0081,1,ALCOHOL,ALCOHOL,ALCOHOL,,Y,,3.0,DRINKS/WEEK,QW,SCREENING,2013-03-26,,-4023,
VISION-NSCLC,SU,VISION-NSCLC-SITE003-0081,2,COFFEE,COFFEE,CAFFEINE,,N,,,,,SCREENING,,,,
VISION-NSCLC,SU,VISION-NSCLC-SITE003-0081,3,CIGARETTES,CIGARETTES,TOBACCO,CIGARETTES,Y,,23.0,CIGARETTES/DAY,QD,SCREENING,2010-03-27,,-5118,
VISION-NSCLC,SU,VISION-NSCLC-SITE003-0084,1,ALCOHOL,ALCOHOL,ALCOHOL,,Y,,10.0,DRINKS/WEEK,QW,SCREENING,2004-03-08,,-7317,
VISION-NSCLC,SU,VISION-NSCLC-SITE003-0084,2,COFFEE,COFFEE,CAFFEINE,,Y,,2.0,CUPS/DAY,QD,SCREENING,2013-03-06,,-4032,
VISION-NSCLC,SU,VISION-NSCLC-SITE003-0084,3,CIGARETTES,CIGARETTES,TOBACCO,CIGARETTES,Y,,,,,SCREENING,2010-03-07,2020-03-04,-5127,-1477
VISION-NSCLC,SU,VISION-NSCLC-SITE003-0087,1,ALCOHOL,ALCOHOL,ALCOHOL,,Y,,11.0,DRINKS/WEEK,QW,SCREENING,2022-01-22,,-743,
VISION-NSCLC,SU,VISION-NSCLC-SITE003-0087,2,COFFEE,COFFEE,CAFFEINE,,Y,,,,,SCREENING,2014-01-24,2015-01-24,-3663,-3298
VISION-NSCLC,SU,VISION-NSCLC-SITE003-0087,3,CIGARETTES,CIGARETTES,TOBACCO,CIGARETTES,Y,,,,,SCREENING,2019-01-23,2023-01-22,-1838,-378
VISION-NSCLC,SU,VISION-NSCLC-SITE003-0090,1,ALCOHOL,ALCOHOL,ALCOHOL,,Y,,8.0,DRINKS/WEEK,QW,SCREENING,2019-02-01,,-1859,
VISION-NSCLC,SU,VISION-NSCLC-SITE003-0090,2,COFFEE,COFFEE,CAFFEINE,,Y,,1.0,CUPS/DAY,QD,SCREENING,1998-02-06,,-9524,
VISION-NSCLC,SU,VISION-NSCLC-SITE003-0090,3,CIGARETTES,CIGARETTES,TOBACCO,CIGARETTES,Y,,20.0,CIGARETTES/DAY,QD,SCREENING,2006-02-04,,-6604,
VISION-NSCLC,SU,VISION-NSCLC-SITE003-0093,1,ALCOHOL,ALCOHOL,ALCOHOL,,Y,,10.0,DRINKS/WEEK,QW,SCREENING,2022-03-18,,-765,
VISION-NSCLC,SU,VISION-NSCLC-SITE003-0093,2,COFFEE,COFFEE,CAFFEINE,,Y,,1.0,CUPS/DAY,QD,SCREENING,2002-03-23,,-8065,
VISION-NSCLC,SU,VISION-NSCLC-SITE003-0093,3,CIGARETTES,CIGARETTES,TOBACCO,CIGARETTES,Y,,25.0,CIGARETTES/DAY,QD,SCREENING,2006-03-22,,-6605,
VISION-NSCLC,SU,VISION-NSCLC-SITE003-0096,1,ALCOHOL,ALCOHOL,ALCOHOL,,N,,,,,SCREENING,,,,
VISION-NSCLC,SU,VISION-NSCLC-SITE003-0096,2,COFFEE,COFFEE,CAFFEINE,,Y,,,,,SCREENING,2010-04-02,2016-03-31,-5131,-2941
VISION-NSCLC,SU,VISION-NSCLC-SITE003-0096,3,CIGARETTES,CIGARETTES,TOBACCO,CIGARETTES,Y,,,,,SCREENING,1999-04-05,2002-04-04,-9146,-8051
VISION-NSCLC,SU,VISION-NSCLC-SITE003-0102,1,ALCOHOL,ALCOHOL,ALCOHOL,,Y,,,,,SCREENING,2019-04-01,2020-03-31,-1856,-1491
VISION-NSCLC,SU,VISION-NSCLC-SITE003-0102,2,COFFEE,COFFEE,CAFFEINE,,Y,,2.0,CUPS/DAY,QD,SCREENING,2007-04-04,,-6236,
VISION-NSCLC,SU,VISION-NSCLC-SITE003-0102,3,CIGARETTES,CIGARETTES,TOBACCO,CIGARETTES,Y,,27.0,CIGARETTES/DAY,QD,SCREENING,2012-04-02,,-4411,
VISION-NSCLC,SU,VISION-NSCLC-SITE003-0105,1,ALCOHOL,ALCOHOL,ALCOHOL,,Y,,3.0,DRINKS/WEEK,QW,SCREENING,2008-03-23,,-5872,
VISION-NSCLC,SU,VISION-NSCLC-SITE003-0105,2,COFFEE,COFFEE,CAFFEINE,,Y,,,,,SCREENING,1994-03-27,2009-03-23,-10982,-5507
VISION-NSCLC,SU,VISION-NSCLC-SITE003-0105,3,CIGARETTES,CIGARETTES,TOBACCO,CIGARETTES,N,,,,,SCREENING,,,,
VISION-NSCLC,SU,VISION-NSCLC-SITE003-0108,1,ALCOHOL,ALCOHOL,ALCOHOL,,Y,,,,,SCREENING,2004-02-01,2013-01-29,-7319,-4034
VISION-NSCLC,SU,VISION-NSCLC-SITE003-0108,2,COFFEE,COFFEE,CAFFEINE,,Y,,1.0,CUPS/DAY,QD,SCREENING,2009-01-30,,-5494,
VISION-NSCLC,SU,VISION-NSCLC-SITE003-0108,3,CIGARETTES,CIGARETTES,TOBACCO,CIGARETTES,N,,,,,SCREENING,,,,
VISION-NSCLC,SU,VISION-NSCLC-SITE003-0111,1,ALCOHOL,ALCOHOL,ALCOHOL,,N,,,,,SCREENING,,,,
VISION-NSCLC,SU,VISION-NSCLC-SITE003-0111,2,COFFEE,COFFEE,CAFFEINE,,N,,,,,SCREENING,,,,
VISION-NSCLC,SU,VISION-NSCLC-SITE003-0111,3,CIGARETTES,CIGARETTES,TOBACCO,CIGARETTES,N,,,,,SCREENING,,,,
VISION-NSCLC,SU,VISION-NSCLC-SITE003-0114,1,ALCOHOL,ALCOHOL,ALCOHOL,,Y,,2.0,DRINKS/WEEK,QW,SCREENING,1994-02-23,,-10976,
VISION-NSCLC,SU,VISION-NSCLC-SITE003-0114,2,COFFEE,COFFEE,CAFFEINE,,N,,,,,SCREENING,,,,
VISION-NSCLC,SU,VISION-NSCLC-SITE003-0114,3,CIGARETTES,CIGARETTES,TOBACCO,CIGARETTES,N,,,,,SCREENING,,,,
VISION-NSCLC,SU,VISION-NSCLC-SITE003-0117,1,ALCOHOL,ALCOHOL,ALCOHOL,,Y,,,,,SCREENING,1998-02-14,2000-02-14,-9513,-8783
VISION-NSCLC,SU,VISION-NSCLC-SITE003-0117,2,COFFEE,COFFEE,CAFFEINE,,Y,,5.0,CUPS/DAY,QD,SCREENING,1997-02-14,,-9878,
VISION-NSCLC,SU,VISION-NSCLC-SITE003-0117,3,CIGARETTES,CIGARETTES,TOBACCO,CIGARETTES,N,,,,,SCREENING,,,,
VISION-NSCLC,SU,VISION-NSCLC-SITE003-0120,1,ALCOHOL,ALCOHOL,ALCOHOL,,Y,,6.0,DRINKS/WEEK,QW,SCREENING,2021-03-13,,-1126,
VISION-NSCLC,SU,VISION-NSCLC-SITE003-0120,2,COFFEE,COFFEE,CAFFEINE,,Y,,4.0,CUPS/DAY,QD,SCREENING,2023-03-13,,-396,
VISION-NSCLC,SU,VISION-NSCLC-SITE003-0120,3,CIGARETTES,CIGARETTES,TOBACCO,CIGARETTES,Y,,,,,SCREENING,2004-03-17,2018-03-14,-7331,-2221
VISION-NSCLC,SU,VISION-NSCLC-SITE003-0123,1,ALCOHOL,ALCOHOL,ALCOHOL,,N,,,,,SCREENING,,,,
VISION-NSCLC,SU,VISION-NSCLC-SITE003-0123,2,COFFEE,COFFEE,CAFFEINE,,Y,,1.0,CUPS/DAY,QD,SCREENING,2000-03-08,,-8778,
VISION-NSCLC,SU,VISION-NSCLC-SITE003-0123,3,CIGARETTES,CIGARETTES,TOBACCO,CIGARETTES,N,,,,,SCREENING,,,,
VISION-NSCLC,SU,VISION-NSCLC-SITE003-0126,1,ALCOHOL,ALCOHOL,ALCOHOL,,Y,,4.0,DRINKS/WEEK,QW,SCREENING,2023-01-24,,-391,
VISION-NSCLC,SU,VISION-NSCLC-SITE003-0126,2,COFFEE,COFFEE,CAFFEINE,,N,,,,,SCREENING,,,,
VISION-NSCLC,SU,VISION-NSCLC-SITE003-0126,3,CIGARETTES,CIGARETTES,TOBACCO,CIGARETTES,Y,,,,,SCREENING,2014-01-26,2015-01-26,-3676,-3311
VISION-NSCLC,SU,VISION-NSCLC-SITE003-0129,1,ALCOHOL,ALCOHOL,ALCOHOL,,N,,,,,SCREENING,,,,
VISION-NSCLC,SU,VISION-NSCLC-SITE003-0129,2,COFFEE,COFFEE,CAFFEINE,,Y,,1.0,CUPS/DAY,QD,SCREENING,2012-01-18,,-4391,
VISION-NSCLC,SU,VISION-NSCLC-SITE003-0129,3,CIGARETTES,CIGARETTES,TOBACCO,CIGARETTES,Y,,24.0,CIGARETTES/DAY,QD,SCREENING,2001-01-20,,-8406,
VISION-NSCLC,SU,VISION-NSCLC-SITE003-0132,1,ALCOHOL,ALCOHOL,ALCOHOL,,N,,,,,SCREENING,,,,
VISION-NSCLC,SU,VISION-NSCLC-SITE003-0132,2,COFFEE,COFFEE,CAFFEINE,,N,,,,,SCREENING,,,,
VISION-NSCLC,SU,VISION-NSCLC-SITE003-0132,3,CIGARETTES,CIGARETTES,TOBACCO,CIGARETTES,N,,,,,SCREENING,,,,
VISION-NSCLC,SU,VISION-NSCLC-SITE003-0138,1,ALCOHOL,ALCOHOL,ALCOHOL,,Y,,3.0,DRINKS/WEEK,QW,SCREENING,2005-04-10,,-6954,
VISION-NSCLC,SU,VISION-NSCLC-SITE003-0138,2,COFFEE,COFFEE,CAFFEINE,,Y,,4.0,CUPS/DAY,QD,SCREENING,2017-04-07,,-2574,
VISION-NSCLC,SU,VISION-NSCLC-SITE003-0138,3,CIGARETTES,CIGARETTES,TOBACCO,CIGARETTES,N,,,,,SCREENING,,,,
VISION-NSCLC,SU,VISION-NSCLC-SITE003-0144,1,ALCOHOL,ALCOHOL,ALCOHOL,,N,,,,,SCREENING,,,,
VISION-NSCLC,SU,VISION-NSCLC-SITE003-0144,2,COFFEE,COFFEE,CAFFEINE,,N,,,,,SCREENING,,,,
VISION-NSCLC,SU,VISION-NSCLC-SITE003-0144,3,CIGARETTES,CIGARETTES,TOBACCO,CIGARETTES,Y,,,,,SCREENING,2006-03-15,2010-03-14,-6603,-5143
VISION-NSCLC,SU,VISION-NSCLC-SITE003-0147,1,ALCOHOL,ALCOHOL,ALCOHOL,,Y,,7.0,DRINKS/WEEK,QW,SCREENING,2020-03-23,,-1494,
VISION-NSCLC,SU,VISION-NSCLC-SITE003-0147,2,COFFEE,COFFEE,CAFFEINE,,Y,,2.0,CUPS/DAY,QD,SCREENING,2000-03-28,,-8794,
VISION-NSCLC,SU,VISION-NSCLC-SITE003-0147,3,CIGARETTES,CIGARETTES,TOBACCO,CIGARETTES,N,,,,,SCREENING,,,,
VISION-NSCLC,SU,VISION-NSCLC-SITE003-0150,1,ALCOHOL,ALCOHOL,ALCOHOL,,Y,,,,,SCREENING,2005-03-15,2006-03-15,-6958,-6593
VISION-NSCLC,SU,VISION-NSCLC-SITE003-0150,2,COFFEE,COFFEE,CAFFEINE,,N,,,,,SCREENING,,,,
VISION-NSCLC,SU,VISION-NSCLC-SITE003-0150,3,CIGARETTES,CIGARETTES,TOBACCO,CIGARETTES,Y,,,,,SCREENING,1990-03-19,1993-03-18,-12433,-11338
